,City,Lat,Long,Max Temp,Humidity,Cloudiness (%),Wind Speed (m/s),Country,Date,Max Temp Fahrenheit
0,Rikitea,-23.12,-134.97,293.95,80,12,9.84,PF,1595705224,69.71
1,Ushuaia,-54.8,-68.3,272.15,92,40,9.3,AR,1595705226,30.47
2,Saldanha,-33.01,17.94,288.15,77,0,0.5,ZA,1595705229,59.27
3,Bariloche,-41.15,-71.31,274.15,100,75,4.6,AR,1595705231,34.07
4,Hilo,19.73,-155.09,301.15,65,90,3.1,US,1595705233,82.67
5,Yellowknife,62.46,-114.35,293.15,52,40,5.7,CA,1595705085,68.27
6,Keuruu,62.27,24.7,287.59,82,100,1.5,FI,1595705238,58.26
7,Sola,-13.88,167.55,299.91,81,100,12.26,VU,1595705240,80.44
8,Castro,-24.79,-50.01,293.58,59,100,2.84,BR,1595705242,69.04
9,Owando,-0.48,15.9,299.77,63,94,0.51,CG,1595705245,80.19
10,Katsuura,35.13,140.3,298.15,94,100,5.3,JP,1595705247,77.27
11,Cape Town,-33.93,18.42,289.26,87,75,3.1,ZA,1595705114,61.27
12,Marzuq,14.4,46.47,299.39,59,71,3.34,YE,1595705252,79.5
13,Qaanaaq,77.48,-69.36,280.66,56,0,1.01,GL,1595705254,45.79
14,Hermanus,-34.42,19.23,286.48,92,1,0.45,ZA,1595705216,56.26
15,Saint-Philippe,-21.36,55.77,293.15,56,90,7.2,RE,1595705259,68.27
16,Souillac,-20.52,57.52,293.15,60,75,7.7,MU,1595705264,68.27
17,Kapaa,22.08,-159.32,300.37,94,90,6.7,US,1595705266,81.27
18,Barrow,71.29,-156.79,276.15,86,90,2.1,US,1595705268,37.67
19,Nikolskoye,59.7,30.79,289.15,87,75,1.0,RU,1595705271,61.07
20,Jamestown,42.1,-79.24,300.93,61,90,1.5,US,1595705273,82.27
21,Bluff,-46.6,168.33,283.31,82,100,8.24,NZ,1595705275,50.56
22,Fukuechō,32.69,128.84,297.9,80,42,3.61,JP,1595705278,76.82
23,Kaitangata,-46.28,169.85,279.82,69,81,0.89,NZ,1595705280,44.28
24,Lompoc,34.64,-120.46,292.59,72,5,3.6,US,1595705157,67.26
25,Punta Arenas,-53.15,-70.92,274.15,59,74,4.6,CL,1595705222,34.07
26,Mataura,-46.19,168.86,279.14,90,100,1.95,NZ,1595705287,43.05
27,Kiryat Gat,31.61,34.76,300.93,61,0,3.39,IL,1595705221,82.27
28,Vaini,-21.2,-175.2,295.15,78,75,4.1,TO,1595705292,71.87
29,São Gabriel da Cachoeira,-0.13,-67.09,303.94,59,28,2.54,BR,1595705294,87.69
30,Asău,46.43,26.4,291.48,82,100,0.92,RO,1595705296,65.26
31,Chokurdakh,70.63,147.92,295.81,44,100,2.71,RU,1595705301,73.06
32,Cherskiy,68.75,161.3,295.91,50,0,1.55,RU,1595705303,73.24
33,Narón,43.52,-8.15,294.26,78,98,2.68,ES,1595705305,70.27
34,Itacoatiara,-3.14,-58.44,306.97,42,100,1.54,BR,1595705257,93.15
35,Burgeo,47.62,-57.62,292.31,76,48,4.18,CA,1595705310,66.76
36,Labuhan,-6.88,112.21,296.37,79,100,2.68,ID,1595705315,74.07
37,Bredasdorp,-34.53,20.04,287.15,82,0,3.6,ZA,1595705317,57.47
38,Sitka,57.05,-135.33,287.15,87,90,2.1,US,1595705319,57.47
39,Pyinmana,19.73,96.22,298.43,89,99,1.28,MM,1595705322,77.77
40,Longyearbyen,78.22,15.64,290.15,67,0,5.1,SJ,1595705324,62.87
41,Salamanca,40.83,-6.0,304.82,20,0,0.89,ES,1595705326,89.28
42,Belmonte,-15.86,-38.88,298.15,73,40,2.1,BR,1595705329,77.27
43,Ostrovnoy,68.05,39.51,288.54,84,11,3.07,RU,1595705331,59.97
44,Lishui,28.46,119.91,298.23,88,100,0.36,CN,1595705333,77.41
45,Onalaska,43.88,-91.24,306.15,59,1,5.7,US,1595705227,91.67
46,Ganzhou,28.82,115.43,297.83,93,100,1.23,CN,1595705338,76.69
47,Merauke,-8.47,140.33,298.4,85,99,7.65,ID,1595705106,77.72
48,Port Elizabeth,-33.92,25.57,290.15,39,0,2.6,ZA,1595705342,62.87
49,Saskylakh,71.92,114.08,277.55,78,100,10.43,RU,1595705345,40.19
50,Baykit,61.67,96.37,282.78,85,0,0.37,RU,1595705230,49.6
51,Oranjestad,12.52,-70.03,299.15,83,75,7.7,AW,1595705350,79.07
52,Hamilton,39.18,-84.53,305.93,49,40,2.6,US,1595705280,91.27
53,Lastoursville,-0.81,12.73,297.3,79,98,1.03,GA,1595705354,75.74
54,Albany,42.6,-73.97,305.37,34,100,3.3,US,1595705357,90.27
55,Krasnosel'kup,65.7,82.47,285.9,70,100,4.12,RU,1595705366,55.22
56,Hanover,52.37,9.73,296.48,82,99,1.5,DE,1595705368,74.26
57,Saint Anthony,45.02,-93.22,303.15,66,75,5.1,US,1595705253,86.27
58,Meulaboh,4.14,96.13,298.13,87,100,1.56,ID,1595705373,77.23
59,Bengkulu,-3.8,102.27,297.16,89,2,2.72,ID,1595705358,75.49
60,Nome,64.5,-165.41,285.93,71,40,1.5,US,1595705378,55.27
61,Itoman,26.12,127.67,301.15,94,75,3.1,JP,1595705380,82.67
62,Marawi,8.0,124.29,297.59,91,100,2.68,PH,1595705382,76.26
63,Tuktoyaktuk,69.45,-133.04,283.15,87,90,5.7,CA,1595705385,50.27
64,Khatanga,71.97,102.5,278.02,88,100,4.97,RU,1595705389,41.04
65,Broken Hill,-31.95,141.43,277.15,93,0,1.5,AU,1595705392,39.47
66,Marabu,4.41,114.01,298.15,100,20,1.5,MY,1595705379,77.27
67,Mount Isa,-20.73,139.5,287.15,44,0,8.2,AU,1595705396,57.47
68,Karratha,-20.74,116.85,292.05,35,79,6.29,AU,1595705399,66.29
69,Westport,41.14,-73.36,305.93,52,1,5.1,US,1595705401,91.27
70,Cootamundra,-34.65,148.03,282.04,91,100,1.79,AU,1595705404,48.27
71,Busselton,-33.65,115.33,283.71,83,21,3.47,AU,1595705407,51.28
72,Piranhas,-16.43,-51.82,305.45,22,0,2.86,BR,1595705409,90.41
73,Kastanies,41.65,26.47,293.71,70,0,1.66,GR,1595705414,69.28
74,Saint Paul Harbor,57.79,-152.41,286.15,82,90,2.6,US,1595705416,55.67
75,Broome,42.25,-75.83,301.48,54,20,2.1,US,1595705419,83.26
76,Puerto Ayora,-0.74,-90.35,298.15,65,75,9.8,EC,1595705421,77.27
77,Mar del Plata,-38.0,-57.56,285.37,50,19,5.1,AR,1595705181,54.27
78,Ojinaga,29.57,-104.42,305.93,43,1,3.1,MX,1595705426,91.27
79,Nanortalik,60.14,-45.24,280.24,84,100,3.49,GL,1595705428,45.03
80,Richards Bay,-28.78,32.04,291.95,70,0,7.13,ZA,1595705430,66.11
81,Bonthe,7.53,-12.51,297.7,84,100,4.08,SL,1595705433,76.46
82,Provideniya,64.38,-173.3,284.82,63,67,3.48,RU,1595705435,53.28
83,Nelson Bay,-32.72,152.15,286.15,100,75,4.33,AU,1595705438,55.67
84,Sobolevo,54.43,31.9,288.53,92,100,4.31,RU,1595705440,59.95
85,Ürümqi,43.8,87.6,298.15,50,11,1.0,CN,1595705443,77.27
86,Upernavik,72.79,-56.15,279.99,92,100,8.19,GL,1595705445,44.58
87,Leningradskiy,69.38,178.42,281.79,77,85,5.11,RU,1595705450,47.82
88,Samarai,-10.62,150.67,299.34,84,95,5.87,PG,1595705452,79.41
89,Avarua,-21.21,-159.78,295.15,73,98,4.1,CK,1595705197,71.87
90,Thompson,55.74,-97.86,299.15,50,40,4.6,CA,1595705457,79.07
91,Yeniseysk,58.45,92.17,285.85,75,100,1.79,RU,1595705459,55.13
92,Bathsheba,13.22,-59.52,304.15,70,40,6.7,BB,1595705464,88.07
93,Portland,45.52,-122.68,294.82,59,20,2.6,US,1595705259,71.28
94,Mehndāwal,26.98,83.11,301.77,76,100,2.27,IN,1595705469,83.79
95,Torbay,47.67,-52.73,296.48,73,40,4.1,CA,1595705303,74.26
96,Yerbogachën,61.28,108.01,283.06,94,100,2.69,RU,1595705474,50.11
97,Dudinka,69.41,86.18,282.15,81,0,9.0,RU,1595705478,48.47
98,Naze,28.37,129.48,300.15,94,75,3.6,JP,1595705481,80.87
99,Udachny,66.42,112.4,282.15,100,90,5.0,RU,1595705483,48.47
100,Tasiilaq,65.61,-37.64,280.15,75,40,4.1,GL,1595705486,44.87
101,East London,-33.02,27.91,294.98,27,0,4.72,ZA,1595705488,71.56
102,Husavik,66.04,-17.34,282.15,81,90,7.2,IS,1595705490,48.47
103,Beira,-19.84,34.84,294.15,73,20,3.6,MZ,1595705493,70.07
104,Teeli,51.03,90.23,285.58,69,0,1.41,RU,1595705495,54.64
105,Hong Kong,22.29,114.16,303.15,74,100,5.36,HK,1595705326,86.27
106,Tongzi,28.78,105.09,293.52,97,100,2.09,CN,1595705500,68.94
107,New Norfolk,-42.78,147.06,277.04,91,6,1.17,AU,1595705503,39.27
108,Hofn,64.25,-15.21,283.8,81,100,6.46,IS,1595705505,51.44
109,Fairbanks,64.84,-147.72,287.15,82,90,0.33,US,1595705507,57.47
110,Aleksandrov Gay,50.15,48.57,294.11,43,100,3.92,RU,1595705510,70.0
111,Hobart,-42.88,147.33,278.15,86,1,2.1,AU,1595705401,41.27
112,Bilma,18.69,12.92,306.1,13,0,1.85,NE,1595705514,91.58
113,Walvis Bay,-22.96,14.51,298.15,33,0,5.7,NA,1595705431,77.27
114,Nsanje,-16.92,35.26,289.36,80,0,1.37,MW,1595705522,61.45
115,San Patricio,19.22,-104.7,305.15,75,40,5.1,MX,1595705504,89.87
116,Sarandi,-23.44,-51.87,294.26,63,73,5.1,BR,1595705529,70.27
117,Touros,-5.2,-35.46,300.15,69,40,4.1,BR,1595705514,80.87
118,Seredka,58.16,28.19,288.15,93,0,2.0,RU,1595705536,59.27
119,Pilar,-9.6,-35.96,299.15,69,75,6.7,BR,1595705538,79.07
120,Gorin,51.2,136.67,287.35,76,97,1.3,RU,1595705540,57.83
121,Damaturu,11.75,11.96,302.4,56,0,3.5,NG,1595705543,84.92
122,Sudak,44.85,34.97,296.25,62,0,5.35,UA,1595705545,73.85
123,Riyadh,24.69,46.72,310.15,22,0,3.6,SA,1595705548,98.87
124,Isangel,-19.55,169.27,294.15,83,13,2.6,VU,1595705550,70.07
125,Dunedin,-45.87,170.5,282.59,56,49,0.89,NZ,1595705552,49.26
126,Goderich,43.75,-81.72,299.26,73,95,3.24,CA,1595705427,79.27
127,Bodden Town,19.28,-81.25,304.15,74,40,5.1,KY,1595705557,88.07
128,Mariehamn,60.1,19.93,287.15,87,12,0.5,AX,1595705559,57.47
129,Buala,-8.14,159.59,299.96,82,98,4.7,SB,1595705501,80.53
130,Kibuye,-2.06,29.35,293.15,68,20,2.1,RW,1595705564,68.27
131,Avera,33.19,-82.53,302.15,62,75,2.6,US,1595705548,84.47
132,Port Alfred,-33.59,26.89,293.84,32,0,5.71,ZA,1595705467,69.51
133,Kilemary,56.78,46.87,284.86,94,38,2.13,RU,1595705571,53.35
134,Mehamn,71.04,27.85,289.13,67,7,5.03,NO,1595705513,61.03
135,Ponta do Sol,32.67,-17.1,296.15,69,20,6.7,PT,1595705499,73.67
136,Tuatapere,-46.13,167.68,281.05,83,100,2.51,NZ,1595705505,46.49
137,Kirakira,-10.45,161.92,298.62,86,100,5.02,SB,1595705582,78.12
138,Itarema,-2.92,-39.92,300.65,66,100,6.03,BR,1595705507,81.77
139,Dikson,73.51,80.55,277.5,91,1,6.91,RU,1595705533,40.1
140,Chui,-33.7,-53.46,283.14,70,0,3.91,UY,1595705506,50.25
141,Poum,-20.23,164.02,296.09,80,1,9.05,NC,1595705563,73.56
142,Aklavik,68.22,-135.01,284.15,87,90,3.6,CA,1595705542,52.07
143,Araçatuba,-21.21,-50.43,301.58,32,0,3.2,BR,1595705559,83.44
144,Nemuro,43.32,145.57,287.07,89,100,1.78,JP,1595705598,57.33
145,Pevek,69.7,170.31,280.84,94,48,2.29,RU,1595705499,46.11
146,Plouzané,48.38,-4.62,290.15,82,75,5.1,FR,1595705603,62.87
147,Namatanai,-3.67,152.43,299.39,80,61,3.53,PG,1595705605,79.5
148,Mayo,38.89,-76.51,305.15,66,1,3.6,US,1595705517,89.87
149,Bethel,41.37,-73.41,304.26,51,40,5.1,US,1595705501,88.27
150,Atuona,-9.8,-139.03,299.67,74,0,8.79,PF,1595705470,80.01
151,Manavālakurichi,8.13,77.3,301.15,78,75,0.5,IN,1595705615,82.67
152,Mezen',65.85,44.24,286.59,94,11,2.24,RU,1595705574,56.46
153,Beringovskiy,63.05,179.32,287.56,65,98,1.8,RU,1595705619,58.21
154,Atasū,48.68,71.64,291.61,76,0,2.73,KZ,1595705622,65.5
155,Jinchang,38.5,102.17,295.32,26,0,4.17,CN,1595705624,72.18
156,Yulara,-25.24,130.99,276.15,79,0,2.1,AU,1595705571,37.67
157,Kavieng,-2.57,150.8,300.96,80,99,6.71,PG,1595705507,82.33
158,Papara,-3.98,-38.73,302.15,58,11,6.2,BR,1595705631,84.47
159,Aksu,41.12,80.26,300.7,26,39,3.46,CN,1595705633,81.86
160,Dwārka,22.24,68.97,302.49,80,100,6.04,IN,1595705636,85.08
161,Belaya Gora,68.53,146.42,299.14,34,27,5.42,RU,1595705638,79.05
162,Camaná,-16.62,-72.71,291.18,64,36,3.68,PE,1595705640,64.72
163,Outlook,51.5,-107.05,292.04,51,80,3.13,CA,1595705643,66.27
164,Kloulklubed,7.04,134.26,299.15,88,75,2.1,PW,1595705645,79.07
165,Alofi,-19.06,-169.92,295.15,83,30,4.6,NU,1595705647,71.87
166,Leshukonskoye,64.9,45.76,290.16,86,57,2.21,RU,1595705650,62.89
167,Hithadhoo,-0.6,73.08,300.86,75,100,5.56,MV,1595705521,82.15
168,Zhigansk,66.77,123.37,285.04,88,0,6.26,RU,1595705654,53.67
169,Nayāgarh,20.13,85.1,299.79,87,42,1.09,IN,1595705657,80.22
170,Beihai,21.48,109.1,303.08,77,100,4.4,CN,1595705659,86.14
171,Hobyo,5.35,48.53,298.13,79,8,10.12,SO,1595705562,77.23
172,Kabugao,18.02,121.18,296.36,83,100,0.52,PH,1595705664,74.05
173,Piaçabuçu,-10.41,-36.43,296.7,74,0,4.8,BR,1595705666,74.66
174,Kichera,55.94,110.1,286.7,62,2,1.31,RU,1595705668,56.66
175,Yeppoon,-23.13,150.73,286.15,100,90,2.62,AU,1595705673,55.67
176,Chiredzi,-21.05,31.67,286.96,61,0,1.37,ZW,1595705678,57.13
177,Ribeira Grande,38.52,-28.7,296.15,88,75,4.6,PT,1595705559,73.67
178,Canavieiras,-15.68,-38.95,296.05,86,49,1.76,BR,1595705682,73.49
179,Plácido de Castro,-10.34,-67.19,305.8,42,79,1.45,BR,1595705685,91.04
180,Alice Springs,-23.7,133.88,278.15,65,0,2.1,AU,1595705494,41.27
181,Khovd,48.01,91.64,291.3,47,3,2.34,MN,1595705633,64.94
182,Alindao,5.03,21.21,294.68,92,23,0.85,CF,1595705692,71.02
183,San Policarpo,12.18,125.51,300.57,80,59,0.97,PH,1595705525,81.63
184,Jiangyou,31.77,104.72,293.0,85,100,1.04,CN,1595705699,68.0
185,Auki,-8.77,160.7,298.57,86,79,3.05,SB,1595705703,78.03
186,Bambous Virieux,-20.34,57.76,293.71,60,75,7.7,MU,1595705519,69.28
187,Alappuzha,9.49,76.33,299.04,84,93,0.78,IN,1595705708,78.87
188,Flin Flon,54.77,-101.86,299.15,54,40,2.1,CA,1595705570,79.07
189,Formosa,-26.18,-58.18,288.15,51,0,3.6,AR,1595705713,59.27
190,Carnarvon,-24.87,113.63,286.15,87,0,3.6,AU,1595705514,55.67
191,Banda Aceh,5.56,95.32,299.59,80,96,3.54,ID,1595705717,79.86
192,San Cristobal,7.77,-72.22,307.15,41,40,2.1,VE,1595705377,93.47
193,Rundu,-17.93,19.77,290.15,39,0,1.0,NA,1595705524,62.87
194,Vicksburg,32.35,-90.88,305.15,62,20,4.1,US,1595705724,89.87
195,Port Blair,11.67,92.75,301.02,79,1,2.5,IN,1595705548,82.44
196,Oussouye,12.48,-16.55,303.15,83,20,2.1,SN,1595705731,86.27
197,Wasilla,61.58,-149.44,287.59,87,90,1.66,US,1595705586,58.26
198,Noumea,-22.28,166.46,295.37,88,11,0.5,NC,1595705457,72.27
199,Kudahuvadhoo,2.67,72.89,300.91,71,100,0.75,MV,1595705555,82.24
200,Batagay-Alyta,67.8,130.41,290.6,72,99,1.74,RU,1595705740,63.68
201,Iqaluit,63.75,-68.51,281.15,87,75,3.1,CA,1595705512,46.67
202,Ust-Nera,64.57,143.2,296.16,44,100,1.97,RU,1595705576,73.69
203,Saint-Pierre,-21.34,55.48,293.15,56,90,7.2,RE,1595705525,68.27
204,Bermejillo,25.88,-103.62,304.26,45,40,2.88,MX,1595705752,88.27
205,Yonago,35.43,133.33,296.15,100,75,1.5,JP,1595705754,73.67
206,San Jerónimo,-11.95,-75.28,288.72,36,89,1.11,PE,1595705757,60.3
207,Zvishavane,-20.33,30.07,283.61,73,0,1.58,ZW,1595705759,51.1
208,Līvāni,56.35,26.18,286.4,95,19,1.75,LV,1595705761,56.12
209,Paracuru,-3.41,-39.03,300.37,70,90,6.26,BR,1595705764,81.27
210,Fontaine,45.2,5.68,299.26,50,99,2.6,FR,1595705768,79.27
211,Faanui,-16.48,-151.75,298.46,78,16,7.75,PF,1595705513,77.83
212,Hambantota,6.12,81.12,298.15,100,40,3.6,LK,1595705569,77.27
213,Newton,42.34,-71.21,306.48,43,40,2.1,US,1595705775,92.26
214,Airai,-8.93,125.41,284.96,100,91,1.62,TL,1595705631,53.53
215,Nuuk,64.18,-51.72,283.15,81,75,5.7,GL,1595705563,50.27
216,Ushtobe,45.25,77.98,298.33,25,4,4.72,KZ,1595705785,77.59
217,Ilebo,-4.32,20.58,298.2,50,0,0.25,CD,1595705787,77.36
218,Santa Isabel,-23.32,-46.22,302.15,34,0,4.1,BR,1595705789,84.47
219,Masuguru,-11.37,38.42,296.12,61,33,3.75,TZ,1595705792,73.62
220,Mollendo,-17.02,-72.01,290.63,65,41,3.68,PE,1595705794,63.73
221,Pokhara,28.23,83.98,294.96,85,63,0.74,NP,1595705796,71.53
222,Lebu,-37.62,-73.65,284.16,85,100,9.41,CL,1595705477,52.09
223,Saint-Joseph,-21.37,55.62,293.15,56,90,7.2,RE,1595705801,68.27
224,Otaru,43.19,141.0,290.37,96,100,1.34,JP,1595705803,63.27
225,Kieta,-6.22,155.63,298.67,78,99,1.37,PG,1595705806,78.21
226,Kungurtug,50.6,97.52,287.07,87,100,0.85,RU,1595705575,57.33
227,Mazyr,52.05,29.25,290.04,95,43,2.75,BY,1595705815,62.67
228,Blagoyevo,63.37,47.92,290.76,74,70,1.33,RU,1595705817,63.97
229,Esmeralda,21.85,-78.12,305.15,59,40,3.1,CU,1595705820,89.87
230,Port Lincoln,-34.73,135.87,284.08,83,61,2.59,AU,1595705483,51.94
231,Manta,-0.95,-80.73,298.15,78,40,5.1,EC,1595705824,77.27
232,Xiaoweizhai,26.19,107.51,294.85,92,100,1.55,CN,1595705827,71.33
233,Kemijärvi,66.71,27.43,286.49,79,92,3.1,FI,1595705829,56.28
234,Mount Gambier,-37.83,140.77,277.15,93,90,3.1,AU,1595705832,39.47
235,Villa Bruzual,9.33,-69.12,303.55,67,25,1.12,VE,1595705834,86.99
236,Bani Walid,31.76,13.99,297.54,46,0,3.76,LY,1595705836,76.17
237,Luwuk,-0.95,122.79,297.64,84,99,2.64,ID,1595705555,76.35
238,Kuril'sk,45.23,147.88,285.41,87,93,1.78,RU,1595705841,54.34
239,Alekseyevsk,57.84,108.35,284.68,67,87,0.28,RU,1595705843,53.02
240,Tiksi,71.69,128.87,277.19,95,100,8.43,RU,1595705516,39.54
241,Mareeba,-17.0,145.43,289.82,97,18,0.8,AU,1595705517,62.28
242,Chitose,42.82,141.65,290.37,100,75,3.1,JP,1595705850,63.27
243,Teya,60.38,92.63,283.84,86,29,0.39,RU,1595705855,51.51
244,Hualmay,-11.1,-77.61,291.81,70,19,4.08,PE,1595705857,65.86
245,Yangi Marg`ilon,40.43,71.72,300.15,47,100,2.1,UZ,1595705860,80.87
246,Pangnirtung,66.15,-65.71,284.15,81,75,4.1,CA,1595705611,52.07
247,Barra da Estiva,-13.63,-41.33,293.45,61,3,3.54,BR,1595705864,68.81
248,Havre-St-Pierre,50.23,-63.6,294.15,68,75,9.3,CA,1595705867,70.07
249,Norman Wells,65.28,-126.83,295.15,43,75,1.0,CA,1595705498,71.87
250,Nouadhibou,20.93,-17.03,295.15,88,40,9.3,MR,1595705872,71.87
251,Kizlyar,43.85,46.72,296.06,82,0,3.24,RU,1595705876,73.51
252,Malakal,9.53,31.66,295.73,97,100,2.74,SS,1595705879,72.91
253,Dayong,25.02,118.29,301.15,88,100,1.0,CN,1595705881,82.67
254,Quatre Cocos,-20.21,57.76,293.71,60,75,7.7,MU,1595705539,69.28
255,Codrington,-38.27,141.97,277.74,86,0,3.34,AU,1595705885,40.53
256,Tautira,-17.73,-149.15,299.15,69,20,1.5,PF,1595705571,79.07
257,Loviisa,60.46,26.23,285.37,91,99,2.97,FI,1595705890,54.27
258,Biak,-0.91,122.88,297.06,89,98,3.45,ID,1595705568,75.31
259,Thayetmyo,19.32,95.18,299.48,87,90,0.69,MM,1595705895,79.66
260,Lovington,32.94,-103.35,305.93,38,75,2.1,US,1595705897,91.27
261,Stornoway,58.21,-6.39,287.59,93,95,4.1,GB,1595705900,58.26
262,Ségou,13.43,-6.22,302.95,56,19,1.16,ML,1595705567,85.91
263,Adrar,20.5,-10.07,312.36,7,0,2.47,MR,1595705573,102.85
264,Berbera,10.44,45.01,306.95,40,10,7.63,SO,1595705907,93.11
265,Greenville,35.61,-77.37,306.15,55,1,1.5,US,1595705458,91.67
266,Port-Cartier,50.03,-66.87,295.15,64,75,3.6,CA,1595705551,71.87
267,Irmo,34.09,-81.18,308.15,70,75,3.6,US,1595705840,95.27
268,Ucluelet,48.93,-125.55,286.15,93,75,2.6,CA,1595705321,55.67
269,Lucapa,-8.42,20.74,293.67,25,0,1.67,AO,1595705918,69.21
270,Sarh,9.14,18.39,301.15,88,88,1.16,TD,1595705921,82.67
271,Cayenne,4.93,-52.33,300.15,74,75,3.6,GF,1595705546,80.87
272,Medicine Hat,50.05,-110.67,295.93,37,20,5.1,CA,1595705791,73.27
273,Fairhope,30.52,-87.9,303.15,74,1,2.6,US,1595705928,86.27
274,Gerāsh,27.67,54.14,305.15,55,31,0.82,IR,1595705534,89.87
275,Languyan,5.26,120.08,299.52,77,100,1.32,PH,1595705933,79.74
276,Eydhafushi,5.1,73.07,300.8,71,98,3.68,MV,1595705935,82.04
277,Okhotsk,59.38,143.3,287.45,78,0,3.52,RU,1595705474,58.01
278,Sur,22.57,59.53,304.18,60,54,5.57,OM,1595705745,88.12
279,Barra Patuca,15.8,-84.28,302.93,70,98,5.31,HN,1595705537,85.87
280,Krutinka,56.01,71.51,285.46,91,0,2.72,RU,1595705945,54.43
281,Narsaq,60.92,-46.05,283.15,81,75,4.1,GL,1595705565,50.27
282,Chumikan,54.72,135.31,283.8,88,100,3.39,RU,1595705518,51.44
283,Arrondissement de Limoges,45.75,1.33,295.15,56,97,2.6,FR,1595705952,71.87
284,Zyryanka,65.75,150.85,297.14,39,0,6.17,RU,1595705552,75.45
285,Kingman,35.19,-114.05,309.26,17,1,6.2,US,1595705786,97.27
286,Mandalgovi,45.76,106.27,288.6,81,88,9.11,MN,1595705959,60.08
287,Guerrero Negro,27.98,-114.06,298.07,53,4,7.35,MX,1595705680,77.13
288,Necochea,-38.55,-58.74,283.15,69,100,5.81,AR,1595705577,50.27
289,Linares,-35.85,-71.6,284.44,64,100,0.54,CL,1595705966,52.59
290,Ixtapa,20.7,-105.2,305.37,79,40,4.1,MX,1595705510,90.27
291,Butaritari,3.07,172.79,301.64,74,0,6.66,KI,1595705500,83.55
292,Egvekinot,66.32,-179.17,285.87,74,4,1.54,RU,1595705536,55.17
293,Cidreira,-30.18,-50.21,286.33,63,43,5.69,BR,1595705462,55.99
294,Ampanihy,-24.7,44.75,287.58,73,0,4.87,MG,1595705977,58.24
295,Takāb,36.4,47.11,294.68,33,52,1.58,IR,1595705982,71.02
296,Mnogovershinnyy,53.94,139.92,281.97,86,47,1.76,RU,1595705985,48.15
297,Udine,46.06,13.24,297.04,74,0,0.45,IT,1595705987,75.27
298,Sabha,27.04,14.43,302.92,15,0,5.79,LY,1595705990,85.86
299,Nyamuswa,-1.9,34.02,297.15,57,5,2.6,TZ,1595705992,75.47
300,Harper,4.38,-7.72,297.08,81,0,4.4,LR,1595705994,75.34
301,Tarko-Sale,64.92,77.78,284.26,84,99,4.91,RU,1595705574,52.27
302,Lagoa,39.05,-27.98,295.51,89,0,7.02,PT,1595705533,72.52
303,Tanabe,33.73,135.37,297.59,95,99,2.88,JP,1595706001,76.26
304,Severo-Kuril'sk,50.68,156.12,283.36,83,100,4.84,RU,1595705512,50.65
305,Shimoda,34.67,138.95,294.82,95,100,0.45,JP,1595705581,71.28
306,Kyabé,9.45,18.94,295.44,89,99,0.92,TD,1595706008,72.39
307,Vanavara,60.34,102.28,282.71,81,93,1.3,RU,1595706011,49.48
308,Nabire,-3.37,135.48,296.99,92,100,2.58,ID,1595706013,75.18
309,Xining,36.62,101.77,285.5,71,0,1.3,CN,1595706015,54.5
310,Hasaki,35.73,140.83,297.15,100,75,1.5,JP,1595705527,75.47
311,Port Montt,-41.47,-72.94,284.15,93,90,2.6,CL,1595706020,52.07
312,Geraldton,-28.77,114.6,284.15,87,0,5.7,AU,1595705556,52.07
313,Karasjok,69.47,25.51,292.15,48,0,8.2,NO,1595706025,66.47
314,Ambilobe,-13.2,49.05,296.09,52,100,2.75,MG,1595706027,73.56
315,Morondava,-20.28,44.28,294.24,51,0,6.68,MG,1595706030,70.23
316,Yemel'yanovo,56.17,92.68,288.15,93,40,1.22,RU,1595706032,59.27
317,Tessalit,20.2,1.01,300.33,58,93,9.47,ML,1595705561,81.19
318,Funadhoo,6.15,73.27,300.92,76,100,4.23,MV,1595706037,82.26
319,Zeya,53.75,127.27,291.22,93,100,1.17,RU,1595706039,64.8
320,‘Āhuimanu,21.44,-157.84,302.15,74,90,5.7,US,1595705510,84.47
321,Denpasar,-8.65,115.22,298.15,78,20,4.6,ID,1595705944,77.27
322,Veranópolis,-28.94,-51.55,288.15,53,100,0.45,BR,1595706046,59.27
323,Khani,41.96,42.96,296.15,94,75,4.6,GE,1595706048,73.67
324,Taoudenni,22.68,-3.98,314.87,14,80,4.18,ML,1595706051,107.37
325,Constantine,36.37,6.61,302.15,39,0,4.1,DZ,1595706005,84.47
326,Goianésia,-15.32,-49.12,303.45,25,0,2.28,BR,1595706055,86.81
327,Valverde del Camino,37.58,-6.75,303.15,30,0,1.79,ES,1595706058,86.27
328,Bairiki Village,1.33,172.98,301.15,78,40,6.7,KI,1595705546,82.67
329,Garoua Boulaï,5.88,14.55,292.44,96,100,1.57,CM,1595706062,66.99
330,Ancud,-41.87,-73.82,283.15,87,90,3.6,CL,1595706065,50.27
331,Bosaso,11.28,49.18,304.66,54,5,2.1,SO,1595706067,88.99
332,Morozovsk,48.35,41.83,293.85,43,0,5.24,RU,1595706069,69.53
333,Ambon City,-3.7,128.18,298.15,15,100,6.85,ID,1595705572,77.27
334,Rusape,-18.53,32.13,281.18,89,1,3.17,ZW,1595706074,46.72
335,Chapais,49.78,-74.85,296.15,60,75,5.7,CA,1595705531,73.67
336,Kargopol',61.51,38.95,284.9,80,1,1.3,RU,1595706079,53.42
337,Salalah,17.02,54.09,300.15,88,75,3.6,OM,1595705297,80.87
338,Laas,46.62,10.7,289.15,63,40,0.89,IT,1595705521,61.07
339,Saint-Nazaire,47.28,-2.2,292.15,93,90,6.7,FR,1595706086,66.47
340,Guayaramerín,-10.84,-65.36,303.79,45,83,1.99,BO,1595706088,87.42
341,Viedma,-40.81,-63.0,284.26,52,100,4.92,AR,1595705528,52.27
342,Clyde River,70.47,-68.59,289.15,48,1,10.8,CA,1595705522,61.07
343,Korla,41.76,86.15,301.48,30,0,3.84,CN,1595706100,83.26
344,Andenes,69.31,16.12,288.15,72,4,3.1,NO,1595706102,59.27
345,Kurchum,48.57,83.65,294.33,51,7,4.17,KZ,1595706104,70.39
346,Kahuta,33.59,73.39,302.15,83,40,2.6,PK,1595706107,84.47
347,Pocinhos,-7.08,-36.06,294.71,71,99,6.88,BR,1595706109,71.08
348,Quilmaná,-12.95,-76.38,293.17,61,19,3.02,PE,1595705554,68.31
349,Kathmandu,27.72,85.32,296.15,88,75,1.5,NP,1595705906,73.67
350,Cabo San Lucas,22.89,-109.91,304.15,55,5,1.5,MX,1595706056,88.07
351,Biscarrosse,44.39,-1.17,294.15,73,32,4.1,FR,1595706118,70.07
352,Fortuna,40.6,-124.16,292.59,72,20,4.1,US,1595705534,67.26
353,Hammerfest,70.66,23.68,292.15,45,0,9.8,NO,1595706123,66.47
354,Kyaikkami,16.08,97.57,300.62,80,50,1.35,MM,1595706125,81.72
355,Pindwāra,24.8,73.07,300.64,75,12,1.8,IN,1595706128,81.75
356,Awjilah,29.11,21.29,301.56,44,0,8.56,LY,1595705473,83.41
357,Esperance,-33.87,121.9,287.15,47,40,5.7,AU,1595705535,57.47
358,Mildura,-34.2,142.15,278.15,100,0,3.1,AU,1595705939,41.27
359,Cabedelo,-6.98,-34.83,300.15,65,20,7.7,BR,1595706142,80.87
360,Kutum,14.2,24.67,303.77,20,28,3.54,SD,1595705579,87.39
361,Tobol,52.68,62.58,290.76,68,100,2.59,KZ,1595706147,63.97
362,Gambo,4.65,22.26,294.65,95,68,0.86,CF,1595706149,70.97
363,Wāngjing,24.6,94.03,294.69,94,100,0.59,IN,1595706152,71.04
364,Arraial do Cabo,-22.97,-42.03,302.15,54,0,4.1,BR,1595706156,84.47
365,Bugul'ma,54.55,52.8,285.59,91,0,3.16,RU,1595706159,54.66
366,Baruun-Urt,46.68,113.28,291.21,87,100,2.38,MN,1595706161,64.78
367,Skibbereen,51.55,-9.27,290.15,63,20,5.1,IE,1595706163,62.87
368,Duminichi,53.93,35.11,286.57,88,1,2.42,RU,1595706166,56.43
369,Copiapó,-27.37,-70.33,293.15,32,16,6.2,CL,1595706168,68.27
370,Lata,40.16,-8.33,295.37,67,0,2.24,PT,1595706170,72.27
371,Departamento de Maldonado,-34.67,-54.92,284.15,50,20,7.2,UY,1595706173,52.07
372,Mozarlândia,-14.74,-50.57,306.17,23,0,2.84,BR,1595706175,91.71
373,Usvyaty,55.75,30.75,287.55,97,0,1.81,RU,1595706178,58.19
374,Ugoofaaru,5.67,73.0,301.0,73,100,3.88,MV,1595706180,82.4
375,Hirara,24.8,125.28,302.71,78,100,5.22,JP,1595706183,85.48
376,Buraidah,26.33,43.98,310.15,29,40,1.5,SA,1595706185,98.87
377,Coquimbo,-29.95,-71.34,292.15,34,88,3.1,CL,1595705973,66.47
378,Kerman,30.28,57.08,299.15,16,0,3.1,IR,1595706190,79.07
379,Port Said,31.26,32.28,300.15,83,0,4.1,EG,1595706192,80.87
380,Dongning,44.06,131.12,288.53,87,100,1.15,CN,1595706194,59.95
381,Elizabeth City,36.29,-76.25,307.04,62,40,3.1,US,1595706167,93.27
382,Juradó,7.11,-77.76,300.54,77,94,3.17,CO,1595706199,81.57
383,Kruisfontein,-34.0,24.73,289.35,45,0,4.57,ZA,1595706201,61.43
384,Khorramshahr,30.44,48.17,307.15,71,0,1.0,IR,1595706204,93.47
385,Tazovsky,67.47,78.7,284.59,86,97,5.2,RU,1595706206,52.86
386,Micheweni,-4.97,39.83,298.05,76,0,8.43,TZ,1595706208,77.09
387,Superior,46.72,-92.1,303.15,66,40,7.2,US,1595705958,86.27
388,Smidovich,48.6,133.82,290.49,85,73,1.36,RU,1595706215,63.48
389,Jumla,29.27,82.18,289.89,71,61,0.25,NP,1595705943,62.4
390,Boa Vista,2.82,-60.67,306.15,49,75,2.1,BR,1595706220,91.67
391,Chara,56.91,118.26,286.34,82,81,0.18,RU,1595706222,56.01
392,Mabai,23.01,104.45,290.44,100,100,1.17,CN,1595706225,63.39
393,Kaohsiung City,22.62,120.31,301.15,88,75,2.6,TW,1595706227,82.67
394,Coyhaique,-45.58,-72.07,279.15,93,75,1.0,CL,1595706229,43.07
395,Mahibadhoo,3.78,72.97,301.3,72,100,2.69,MV,1595706232,82.94
396,Shubarshi,48.59,57.19,295.63,42,0,4.29,KZ,1595706234,72.73
397,Raja,8.46,25.68,294.4,95,100,1.81,SS,1595706237,70.52
398,Vao,-22.67,167.48,294.56,83,6,9.47,NC,1595706239,70.81
399,Fort Nelson,58.81,-122.7,293.15,45,75,4.6,CA,1595706241,68.27
400,Newtownards,54.59,-5.69,286.15,87,100,2.6,GB,1595706244,55.67
401,Vestmannaeyjar,63.44,-20.27,284.15,76,40,4.1,IS,1595706246,52.07
402,Mumford,5.26,-0.76,297.14,86,53,5.39,GH,1595706248,75.45
403,Tarangnan,11.9,124.75,298.61,88,21,1.29,PH,1595706250,78.1
404,Bud,39.45,-86.18,303.15,51,40,1.44,US,1595706255,86.27
405,Lavrentiya,65.58,-171.0,281.58,75,78,2.84,RU,1595706257,47.44
406,Sumbe,-11.21,13.84,294.18,86,0,4.2,AO,1595706260,70.12
407,Itanhaém,-24.18,-46.79,306.15,31,0,3.6,BR,1595706262,91.67
408,Turukhansk,65.82,87.98,283.41,82,97,1.58,RU,1595706264,50.74
409,Comodoro Rivadavia,-45.87,-67.5,284.15,57,40,6.2,AR,1595706110,52.07
410,Roald,62.58,6.13,289.26,76,20,6.7,NO,1595706269,61.27
411,Baharly,38.44,57.43,307.68,19,2,1.57,TM,1595706271,94.42
412,Antofagasta,-23.65,-70.4,289.15,63,0,4.6,CL,1595706063,61.07
413,Toyooka,35.53,134.83,295.93,90,100,2.11,JP,1595706276,73.27
414,Laguna,38.42,-121.42,304.26,41,1,2.1,US,1595706278,88.27
415,Salinópolis,-0.61,-47.36,300.61,82,6,4.23,BR,1595706281,81.7
416,Kahului,20.89,-156.47,304.15,48,40,6.2,US,1595706016,88.07
417,Zacualpan,21.25,-105.17,302.15,74,75,4.1,MX,1595706285,84.47
418,Sukumo,32.93,132.73,294.53,93,100,0.8,JP,1595706288,70.75
419,Wajima,37.4,136.9,296.9,84,100,2.77,JP,1595706290,75.02
420,Itupiranga,-5.13,-49.33,306.5,35,4,1.37,BR,1595706293,92.3
421,Dhidhdhoo,6.88,73.1,301.04,76,100,4.88,MV,1595706295,82.47
422,Makakilo City,21.35,-158.09,302.15,62,40,4.6,US,1595706297,84.47
423,Butte,39.65,-121.57,304.26,39,1,1.5,US,1595706300,88.27
424,Tsimmerbude,54.67,20.13,287.15,87,100,0.41,RU,1595706302,57.47
425,Te Anau,-45.42,167.72,278.85,85,97,1.95,NZ,1595706305,42.53
426,Rio Grande,-32.03,-52.1,289.15,36,0,6.2,BR,1595706307,61.07
427,Safford,32.83,-109.71,303.15,45,75,2.6,US,1595706309,86.27
428,Ballina,-28.87,153.57,289.15,93,90,2.6,AU,1595706312,61.07
429,Baghdad,33.34,44.4,311.15,24,0,2.1,IQ,1595706314,100.67
430,Mahébourg,-20.41,57.7,293.15,60,75,7.7,MU,1595706317,68.27
431,Kalispell,48.2,-114.31,297.59,33,1,1.43,US,1595706319,76.26
432,Petropavlovka,50.61,105.32,289.22,81,100,1.25,RU,1595706321,61.2
433,Mwanza,-2.52,32.9,295.15,46,4,2.6,TZ,1595706324,71.87
434,Haines Junction,60.75,-137.51,288.85,53,62,5.15,CA,1595706326,60.53
435,Lukovetskiy,64.3,41.92,286.15,100,20,1.61,RU,1595706328,55.67
436,Oranjemund,-28.55,16.43,289.45,60,0,4.21,NA,1595706331,61.61
437,Pangody,65.85,74.49,284.67,80,66,3.86,RU,1595706333,53.01
438,Seydi,39.48,62.91,303.51,16,0,6.21,TM,1595706335,86.92
439,Phalodi,27.13,72.37,304.32,61,97,6.81,IN,1595706338,88.38
440,Lake Havasu City,34.48,-114.32,313.15,14,1,4.1,US,1595706164,104.27
441,Nantucket,41.28,-70.1,298.15,83,20,3.6,US,1595706343,77.27
442,Khandyga,62.67,135.6,291.34,54,37,2.96,RU,1595706345,65.01
443,Camargo,27.67,-105.17,303.17,38,0,1.87,MX,1595706347,86.31
444,Chinsali,-10.54,32.08,286.65,71,17,3.87,ZM,1595706352,56.57
445,Neiafu,-18.65,-173.98,297.15,78,40,3.6,TO,1595706354,75.47
446,Griffith,41.53,-87.42,303.15,51,1,3.32,US,1595706145,86.27
447,Pāsighāt,28.07,95.33,298.04,82,73,0.87,IN,1595706361,77.07
448,Arrigorriaga,43.21,-2.89,296.15,69,23,2.1,ES,1595706364,73.67
449,Mitsamiouli,-11.38,43.28,297.66,64,26,4.47,KM,1595706366,76.39
450,Dŭstí,37.35,68.66,301.15,37,20,1.0,TJ,1595706368,82.67
451,Şırnak,37.52,42.46,293.74,24,0,1.46,TR,1595706371,69.33
452,Bedelē,8.46,36.35,287.07,100,100,1.1,ET,1595706373,57.33
453,Bakchar,57.02,82.07,284.93,96,15,2.05,RU,1595706375,53.47
454,Burhānpur,21.3,76.23,298.84,86,19,1.94,IN,1595706378,78.51
455,Camacha,33.08,-16.33,295.15,73,75,6.2,PT,1595706380,71.87
456,Māngrol,21.12,70.12,301.37,82,99,3.2,IN,1595706382,83.07
457,Payo,-3.75,103.64,294.75,94,7,0.93,ID,1595706385,71.15
458,Tres Arroyos,-38.37,-60.28,283.58,59,27,4.86,AR,1595706389,51.04
459,Abu Samrah,35.3,37.18,296.59,61,0,5.14,SY,1595706392,74.46
460,Cap Malheureux,-19.98,57.61,293.71,58,46,4.02,MU,1595706394,69.28
461,Teeswater,44.0,-81.29,300.93,46,100,1.79,CA,1595706397,82.27
462,Shafranovo,53.97,54.77,285.97,93,2,2.34,RU,1595706401,55.35
463,Pemangkat,1.17,108.97,298.58,84,100,1.3,ID,1595706404,78.04
464,Mikhaylovsk,45.13,42.03,298.15,29,3,8.0,RU,1595706406,77.27
465,Maceió,-9.67,-35.74,299.15,69,75,6.7,BR,1595706297,79.07
466,Harrisonburg,38.45,-78.87,303.15,66,40,2.6,US,1595706411,86.27
467,Garoowe,8.41,48.48,298.97,49,7,9.29,SO,1595706413,78.75
468,Opuwo,-18.06,13.84,287.07,37,0,3.2,NA,1595706415,57.33
469,Birao,10.28,22.79,296.93,86,0,3.16,CF,1595706418,75.07
470,Port Keats,-14.25,129.55,293.94,37,0,6.11,AU,1595706420,69.69
471,Osa,57.28,55.46,288.59,83,98,3.18,RU,1595706422,60.06
472,Neryungri,56.67,124.65,285.4,91,14,1.12,RU,1595706425,54.32
473,Nõo,58.28,26.54,288.15,76,2,3.6,EE,1595706427,59.27
474,Kaoma,-14.78,24.8,286.42,53,0,3.25,ZM,1595706429,56.16
475,Lipin Bor,60.26,37.98,286.92,85,95,3.64,RU,1595706432,57.06
476,Iralaya,15.0,-83.23,305.15,70,40,5.1,HN,1595706434,89.87
477,Lüderitz,-26.65,15.16,295.15,28,0,3.1,NA,1595706436,71.87
478,Kilindoni,-7.91,39.67,298.5,75,29,10.77,TZ,1595706439,77.9
479,Inuvik,68.35,-133.72,289.15,63,75,4.1,CA,1595706441,61.07
480,George Town,5.41,100.34,298.71,94,40,1.0,MY,1595706286,78.28
481,Coruripe,-10.13,-36.18,296.49,75,0,4.57,BR,1595706446,74.28
482,Jimo,36.39,120.46,297.15,57,97,5.0,CN,1595706449,75.47
483,Leh,34.17,77.58,290.71,39,9,0.76,IN,1595706451,63.88
484,Odesa,46.48,30.73,295.15,43,64,1.0,UA,1595706454,71.87
485,Henties Bay,-22.12,14.28,291.55,48,0,3.37,NA,1595706456,65.39
486,Buarcos,40.17,-8.88,293.15,77,20,7.2,PT,1595706458,68.27
487,Jalu,29.03,21.55,301.93,42,0,7.75,LY,1595706460,84.07
488,Ilulissat,69.22,-51.1,282.15,87,75,4.6,GL,1595706463,48.47
489,Tamlūk,22.3,87.92,302.15,89,40,2.1,IN,1595706465,84.47
490,Kuytun,54.34,101.5,289.41,70,100,3.38,RU,1595706467,61.54
491,Flinders,-34.58,150.86,286.48,93,100,0.45,AU,1595706470,56.26
492,Jutaí,-5.18,-68.9,305.64,53,71,1.33,BR,1595706472,90.75
493,Vangaindrano,-23.35,47.6,290.08,81,60,3.49,MG,1595706475,62.74
494,Cururupu,-1.83,-44.87,301.57,68,68,1.63,BR,1595706477,83.43
495,Arlit,18.74,7.39,311.11,17,12,0.86,NE,1595706479,100.6
496,Nioro,13.35,-15.75,300.07,81,100,4.1,GM,1595706481,80.73
497,Barzas,55.72,86.32,288.15,100,40,3.0,RU,1595706484,59.27
498,Huilong,31.81,121.66,299.82,78,100,1.65,CN,1595706486,80.28
499,Unaí,-16.36,-46.91,300.97,34,0,2.84,BR,1595706488,82.35
500,Ukiah,39.15,-123.21,307.04,30,1,2.1,US,1595706491,93.27
501,Sharjah city,25.36,55.4,308.15,56,0,1.0,AE,1595706419,95.27
502,Alberton,46.82,-64.07,298.37,59,16,3.78,CA,1595706495,77.67
503,Grand Gaube,-20.01,57.66,293.71,58,59,4.02,MU,1595706497,69.28
504,Gorno-Altaysk,51.96,85.95,290.17,69,98,3.2,RU,1595706500,62.91
505,Saint George,37.1,-113.58,308.71,22,1,4.1,US,1595706244,96.28
506,Moba,33.23,105.02,283.47,83,6,2.54,CN,1595706505,50.85
507,Inongo,-1.95,18.27,295.84,72,100,1.29,CD,1595706507,73.11
508,Iberia,29.95,-91.75,301.15,88,90,7.2,US,1595706509,82.67
509,Mikhaylovka,50.06,43.24,290.93,49,0,0.89,RU,1595706512,64.27
510,Bayevo,53.28,80.77,286.66,85,100,4.51,RU,1595706514,56.59
511,Katobu,-4.94,122.53,294.87,90,10,0.93,ID,1595706516,71.37
512,Natal,-5.79,-35.21,300.15,69,40,4.1,BR,1595706362,80.87
513,Trairi,-3.28,-39.27,300.71,65,100,4.37,BR,1595706521,81.88
514,Athabasca,54.72,-113.29,292.93,56,6,4.61,CA,1595706523,67.87
515,Puerto Carreño,6.19,-67.49,305.15,52,40,1.61,CO,1595706525,89.87
516,Port Moresby,-9.44,147.18,298.15,94,75,5.1,PG,1595706530,77.27
517,Rocha,-34.48,-54.33,282.27,68,0,3.57,UY,1595706532,48.69
518,Point Fortin,10.18,-61.68,299.82,85,100,1.27,TT,1595706535,80.28
519,Gigmoto,13.78,124.39,300.34,79,97,0.52,PH,1595706537,81.21
520,Borogontsy,62.67,131.17,291.48,96,100,3.06,RU,1595706539,65.26
521,Timbó,-26.82,-49.27,293.15,64,98,1.25,BR,1595706542,68.27
522,Nizwá,22.93,57.53,303.85,47,55,2.77,OM,1595706544,87.53
523,São Félix do Xingu,-6.64,-51.99,306.91,28,1,2.17,BR,1595706546,93.04
524,Manay,7.21,126.54,298.87,76,49,2.19,PH,1595706549,78.57
525,Derzhavīnsk,51.1,66.32,289.94,85,0,2.16,KZ,1595706551,62.49
526,Loreto,22.27,-101.97,299.67,33,8,0.8,MX,1595706553,80.01
527,Paamiut,61.99,-49.67,281.34,85,51,2.32,GL,1595706555,47.01
528,São João da Barra,-21.64,-41.05,299.15,57,0,8.2,BR,1595706558,79.07
529,Shumikha,55.23,63.3,286.82,78,36,1.88,RU,1595706562,56.88
530,Teresina,-5.09,-42.8,306.15,36,20,4.6,BR,1595706565,91.67
531,Rome,43.21,-75.46,302.59,45,1,3.6,US,1595706485,85.26
532,Seymchan,62.88,152.43,294.11,46,19,3.89,RU,1595706569,70.0
533,Malanje,-9.54,16.34,291.2,27,0,1.48,AO,1595706572,64.76
534,Aizkraukle,56.6,25.26,284.82,93,44,1.54,LV,1595706574,53.28
535,Umm Kaddadah,13.6,26.69,307.33,33,31,6.6,SD,1595706577,93.79
536,Pergamino,-33.89,-60.57,288.15,34,53,0.45,AR,1595706584,59.27
537,Luganville,-15.53,167.17,298.15,83,90,4.1,VU,1595706586,77.27
538,Abū Zabad,12.35,29.25,301.43,57,83,8.3,SD,1595706588,83.17
539,Vila Franca do Campo,37.72,-25.43,295.15,73,20,5.1,PT,1595706591,71.87
540,Batemans Bay,-35.72,150.18,285.93,98,100,0.45,AU,1595706593,55.27
541,Basco,20.45,121.97,302.56,79,100,4.54,PH,1595706595,85.21
542,Takoradze,4.88,-1.76,297.27,82,58,4.3,GH,1595706598,75.69
543,Ulladulla,-35.35,150.47,285.37,100,90,2.6,AU,1595706600,54.27
544,Bath,51.38,-2.36,288.71,91,31,0.89,GB,1595706418,60.28
545,Chimoio,-19.12,33.48,288.15,87,75,1.3,MZ,1595706605,59.27
546,Zachary,30.65,-91.16,301.15,78,75,7.2,US,1595706607,82.67
547,Tingo María,-9.29,-76.01,299.15,74,75,2.6,PE,1595706610,79.07
548,Novy Urengoy,66.08,76.63,286.42,68,92,4.1,RU,1595706612,56.16
549,Gisborne,-38.65,178.0,275.93,84,0,1.79,NZ,1595706614,37.27
550,Ratnagiri,16.98,73.3,299.47,86,100,5.21,IN,1595706617,79.65
551,Deputatsky,69.3,139.9,294.29,43,17,2.07,RU,1595706619,70.32
552,Dingle,11.0,122.67,298.0,88,52,0.68,PH,1595706621,77.0
553,Koumac,-20.57,164.28,293.87,85,0,2.17,NC,1595706624,69.57
554,Porto-Novo,6.5,2.6,298.15,88,20,5.7,BJ,1595706626,77.27
555,Karaton,-6.34,106.1,298.15,83,20,1.5,ID,1595706629,77.27
556,Aksarka,66.56,67.8,284.49,75,73,4.39,RU,1595706631,52.68
557,Menongue,-14.66,17.69,285.55,41,39,2.02,AO,1595706634,54.59
558,Chinchani,19.87,72.7,299.29,88,100,2.89,IN,1595706636,79.32
559,Mahon,39.89,4.27,299.15,57,0,2.1,ES,1595706639,79.07
560,Novomikhaylovskiy,44.26,38.86,299.29,56,0,3.8,RU,1595706641,79.32
561,Margate,51.38,1.39,290.93,99,100,0.89,GB,1595706643,64.27
562,Hervey Bay,-25.3,152.85,289.82,100,40,2.1,AU,1595706646,62.28
563,Barranca,-10.75,-77.77,291.5,71,10,4.35,PE,1595706648,65.3
564,Esfarāyen,37.08,57.51,297.15,64,12,2.1,IR,1595706651,75.47
565,Haileybury,47.45,-79.64,302.15,58,75,6.7,CA,1595706653,84.47
566,Port Hardy,50.7,-127.42,288.15,82,20,2.6,CA,1595706655,59.27
567,Aasiaat,68.71,-52.87,278.75,97,100,4.98,GL,1595706658,42.35
568,Sikasso,10.92,-7.0,297.58,87,61,1.07,ML,1595706662,76.24
569,Tateyama,34.98,139.87,299.15,94,75,4.1,JP,1595706665,79.07
570,Port Hedland,-20.32,118.57,288.15,30,1,5.1,AU,1595706667,59.27
571,Zhezkazgan,47.8,67.71,294.61,53,0,2.82,KZ,1595706669,70.9
572,Pisco,-13.7,-76.22,291.48,77,20,4.6,PE,1595706377,65.26
573,Enköping,59.64,17.08,291.15,48,29,2.1,SE,1595706674,64.67
574,Phan Thiet,10.93,108.1,298.68,84,63,1.53,VN,1595706677,78.22
575,Kambove,-10.88,26.6,285.67,56,2,1.85,CD,1595706681,54.81
576,Kamiiso,41.82,140.65,292.17,92,100,3.53,JP,1595706684,66.51
